user_id,sign,group
0,1,control
1,0,control
2,1,control
3,1,control
4,1,control
5,0,control
6,1,control
7,0,control
8,1,control
9,0,control
10,1,control
11,0,control
12,1,control
13,0,control
14,1,control
15,1,control
16,0,control
17,0,control
18,1,control
19,0,control
20,0,control
21,1,control
22,1,control
23,0,control
24,0,control
25,1,control
26,0,control
27,0,control
28,1,control
29,1,control
30,1,control
31,0,control
32,0,control
33,0,control
34,1,control
35,0,control
36,1,control
37,1,control
38,1,control
39,1,control
40,0,control
41,0,control
42,1,control
43,0,control
44,1,control
45,1,control
46,0,control
47,0,control
48,1,control
49,0,control
50,1,control
51,0,control
52,1,control
53,0,control
54,0,control
55,0,control
56,0,control
57,1,control
58,0,control
59,0,control
60,0,control
61,1,control
62,1,control
63,0,control
64,0,control
65,1,control
66,0,control
67,0,control
68,0,control
69,0,control
70,0,control
71,0,control
72,1,control
73,1,control
74,1,control
75,1,control
76,0,control
77,0,control
78,1,control
79,1,control
80,0,control
81,0,control
82,1,control
83,1,control
84,1,control
85,1,control
86,0,control
87,0,control
88,1,control
89,1,control
90,1,control
91,1,control
92,0,control
93,0,control
94,0,control
95,0,control
96,1,control
97,0,control
98,0,control
99,0,control
100,1,control
101,1,control
102,1,control
103,0,control
104,0,control
105,1,control
106,0,control
107,1,control
108,1,control
109,1,control
110,1,control
111,1,control
112,0,control
113,1,control
114,1,control
115,1,control
116,0,control
117,0,control
118,1,control
119,1,control
120,1,control
121,0,control
122,1,control
123,0,control
124,0,control
125,0,control
126,0,control
127,0,control
128,1,control
129,0,control
130,1,control
131,0,control
132,1,control
133,1,control
134,1,control
135,0,control
136,0,control
137,0,control
138,0,control
139,0,control
140,1,control
141,1,control
142,1,control
143,0,control
144,0,control
145,0,control
146,0,control
147,1,control
148,1,control
149,1,control
150,0,control
151,1,control
152,0,control
153,0,control
154,0,control
155,1,control
156,0,control
157,1,control
158,1,control
159,1,control
160,0,control
161,0,control
162,0,control
163,1,control
164,1,control
165,1,control
166,1,control
167,1,control
168,1,control
169,0,control
170,1,control
171,0,control
172,0,control
173,0,control
174,1,control
175,0,control
176,0,control
177,0,control
178,0,control
179,1,control
180,1,control
181,0,control
182,1,control
183,0,control
184,1,control
185,0,control
186,0,control
187,0,control
188,1,control
189,1,control
190,1,control
191,0,control
192,0,control
193,1,control
194,0,control
195,0,control
196,0,control
197,0,control
198,0,control
199,1,control
200,0,control
201,0,control
202,0,control
203,1,control
204,1,control
205,0,control
206,0,control
207,0,control
208,0,control
209,1,control
210,0,control
211,1,control
212,1,control
213,0,control
214,0,control
215,1,control
216,0,control
217,0,control
218,0,control
219,0,control
220,0,control
221,0,control
222,1,control
223,0,control
224,1,control
225,0,control
226,0,control
227,0,control
228,0,control
229,1,control
230,1,control
231,0,control
232,1,control
233,1,control
234,0,control
235,0,control
236,1,control
237,1,control
238,0,control
239,0,control
240,1,control
241,1,control
242,0,control
243,1,control
244,0,control
245,1,control
246,0,control
247,0,control
248,0,control
249,0,control
250,1,control
251,0,control
252,0,control
253,0,control
254,0,control
255,1,control
256,1,control
257,1,control
258,0,control
259,1,control
260,1,control
261,1,control
262,1,control
263,0,control
264,0,control
265,0,control
266,0,control
267,1,control
268,1,control
269,0,control
270,0,control
271,0,control
272,1,control
273,0,control
274,0,control
275,0,control
276,1,control
277,1,control
278,1,control
279,1,control
280,0,control
281,1,control
282,0,control
283,1,control
284,1,control
285,1,control
286,1,control
287,0,control
288,0,control
289,1,control
290,0,control
291,1,control
292,1,control
293,0,control
294,0,control
295,1,control
296,0,control
297,0,control
298,0,control
299,0,control
300,1,control
301,0,control
302,0,control
303,0,control
304,1,control
305,1,control
306,1,control
307,0,control
308,0,control
309,0,control
310,1,control
311,1,control
312,0,control
313,1,control
314,1,control
315,0,control
316,1,control
317,1,control
318,0,control
319,0,control
320,0,control
321,0,control
322,0,control
323,0,control
324,0,control
325,1,control
326,1,control
327,1,control
328,1,control
329,1,control
330,0,control
331,1,control
332,1,control
333,0,control
334,0,control
335,1,control
336,0,control
337,0,control
338,0,control
339,1,control
340,1,control
341,1,control
342,0,control
343,0,control
344,0,control
345,1,control
346,0,control
347,1,control
348,1,control
349,1,control
350,1,control
351,1,control
352,0,control
353,0,control
354,0,control
355,0,control
356,1,control
357,1,control
358,1,control
359,0,control
360,1,control
361,0,control
362,0,control
363,1,control
364,0,control
365,0,control
366,0,control
367,0,control
368,0,control
369,0,control
370,1,control
371,0,control
372,0,control
373,1,control
374,0,control
375,1,control
376,0,control
377,0,control
378,1,control
379,0,control
380,0,control
381,0,control
382,0,control
383,0,control
384,0,control
385,0,control
386,0,control
387,0,control
388,0,control
389,1,control
390,0,control
391,1,control
392,0,control
393,0,control
394,0,control
395,1,control
396,0,control
397,0,control
398,0,control
399,1,control
400,0,control
401,1,control
402,0,control
403,0,control
404,0,control
405,1,control
406,0,control
407,1,control
408,1,control
409,0,control
410,1,control
411,1,control
412,0,control
413,1,control
414,0,control
415,0,control
416,0,control
417,0,control
418,0,control
419,1,control
420,0,control
421,1,control
422,0,control
423,0,control
424,1,control
425,0,control
426,0,control
427,0,control
428,0,control
429,0,control
430,0,control
431,0,control
432,0,control
433,1,control
434,0,control
435,1,control
436,0,control
437,1,control
438,0,control
439,0,control
440,0,control
441,0,control
442,0,control
443,0,control
444,1,control
445,0,control
446,1,control
447,1,control
448,1,control
449,1,control
450,1,control
451,1,control
452,1,control
453,1,control
454,0,control
455,0,control
456,1,control
457,0,control
458,1,control
459,0,control
460,0,control
461,0,control
462,1,control
463,1,control
464,0,control
465,1,control
466,1,control
467,1,control
468,0,control
469,0,control
470,0,control
471,1,control
472,0,control
473,0,control
474,0,control
475,1,control
476,0,control
477,0,control
478,1,control
479,1,control
480,1,control
481,0,control
482,0,control
483,1,control
484,1,control
485,0,control
486,1,control
487,1,control
488,1,control
489,0,control
490,0,control
491,0,control
492,0,control
493,1,control
494,0,control
495,0,control
496,1,control
497,0,control
498,0,control
499,1,control
500,1,control
501,0,control
502,0,control
503,0,control
504,1,control
505,0,control
506,0,control
507,0,control
508,0,control
509,1,control
510,1,control
511,0,control
512,0,control
513,1,control
514,0,control
515,1,control
516,1,control
517,1,control
518,0,control
519,1,control
520,0,control
521,1,control
522,1,control
523,1,control
524,0,control
525,0,control
526,1,control
527,0,control
528,0,control
529,0,control
530,1,control
531,1,control
532,1,control
533,1,control
534,1,control
535,0,control
536,1,control
537,0,control
538,1,control
539,1,control
540,0,control
541,1,control
542,0,control
543,0,control
544,0,control
545,0,control
546,0,control
547,1,control
548,1,control
549,1,control
550,1,control
551,0,control
552,1,control
553,0,control
554,1,control
555,1,control
556,1,control
557,1,control
558,0,control
559,0,control
560,1,control
561,0,control
562,1,control
563,1,control
564,1,control
565,1,control
566,1,control
567,1,control
568,0,control
569,1,control
570,0,control
571,0,control
572,0,control
573,1,control
574,0,control
575,0,control
576,0,control
577,1,control
578,1,control
579,1,control
580,1,control
581,0,control
582,0,control
583,1,control
584,1,control
585,0,control
586,0,control
587,1,control
588,0,control
589,1,control
590,0,control
591,1,control
592,1,control
593,1,control
594,0,control
595,1,control
596,0,control
597,0,control
598,0,control
599,0,control
600,1,control
601,0,control
602,1,control
603,1,control
604,0,control
605,1,control
606,0,control
607,0,control
608,1,control
609,1,control
610,0,control
611,1,control
612,1,control
613,0,control
614,0,control
615,0,control
616,1,control
617,1,control
618,0,control
619,0,control
620,0,control
621,1,control
622,1,control
623,0,control
624,0,control
625,1,control
626,1,control
627,0,control
628,0,control
629,1,control
630,0,control
631,0,control
632,1,control
633,1,control
634,0,control
635,0,control
636,0,control
637,1,control
638,0,control
639,1,control
640,0,control
641,1,control
642,1,control
643,1,control
644,0,control
645,0,control
646,1,control
647,0,control
648,1,control
649,0,control
650,0,control
651,0,control
652,0,control
653,1,control
654,0,control
655,0,control
656,1,control
657,1,control
658,0,control
659,0,control
660,0,control
661,0,control
662,0,control
663,1,control
664,1,control
665,1,control
666,1,control
667,1,control
668,1,control
669,0,control
670,0,control
671,0,control
672,0,control
673,0,control
674,0,control
675,1,control
676,1,control
677,0,control
678,0,control
679,1,control
680,1,control
681,1,control
682,1,control
683,0,control
684,1,control
685,1,control
686,0,control
687,1,control
688,1,control
689,0,control
690,1,control
691,0,control
692,1,control
693,0,control
694,0,control
695,0,control
696,0,control
697,1,control
698,1,control
699,0,control
700,0,control
701,0,control
702,0,control
703,1,control
704,1,control
705,0,control
706,0,control
707,1,control
708,1,control
709,1,control
710,0,control
711,0,control
712,0,control
713,1,control
714,0,control
715,1,control
716,0,control
717,1,control
718,0,control
719,1,control
720,0,control
721,0,control
722,0,control
723,0,control
724,1,control
725,0,control
726,0,control
727,0,control
728,1,control
729,1,control
730,1,control
731,1,control
732,1,control
733,1,control
734,0,control
735,0,control
736,1,control
737,0,control
738,0,control
739,0,control
740,0,control
741,0,control
742,0,control
743,1,control
744,0,control
745,0,control
746,1,control
747,1,control
748,1,control
749,0,control
750,0,control
751,1,control
752,1,control
753,1,control
754,1,control
755,0,control
756,1,control
757,1,control
758,1,control
759,0,control
760,0,control
761,0,control
762,1,control
763,0,control
764,1,control
765,1,control
766,0,control
767,1,control
768,1,control
769,0,control
770,1,control
771,0,control
772,1,control
773,0,control
774,1,control
775,0,control
776,1,control
777,0,control
778,1,control
779,0,control
780,1,control
781,1,control
782,1,control
783,0,control
784,0,control
785,0,control
786,1,control
787,0,control
788,0,control
789,0,control
790,0,control
791,0,control
792,0,control
793,0,control
794,1,control
795,0,control
796,1,control
797,0,control
798,0,control
799,1,control
800,0,control
801,0,control
802,0,control
803,0,control
804,0,control
805,0,control
806,1,control
807,0,control
808,0,control
809,0,control
810,1,control
811,0,control
812,1,control
813,0,control
814,0,control
815,1,control
816,1,control
817,0,control
818,0,control
819,0,control
820,1,control
821,0,control
822,0,control
823,0,control
824,1,control
825,0,control
826,1,control
827,1,control
828,0,control
829,0,control
830,1,control
831,0,control
832,0,control
833,0,control
834,1,control
835,1,control
836,1,control
837,0,control
838,1,control
839,1,control
840,0,control
841,0,control
842,0,control
843,1,control
844,0,control
845,1,control
846,1,control
847,1,control
848,1,control
849,0,control
850,1,control
851,0,control
852,0,control
853,0,control
854,1,control
855,0,control
856,0,control
857,0,control
858,0,control
859,0,control
860,0,control
861,0,control
862,0,control
863,1,control
864,0,control
865,0,control
866,1,control
867,0,control
868,0,control
869,0,control
870,0,control
871,0,control
872,1,control
873,0,control
874,1,control
875,1,control
876,0,control
877,0,control
878,0,control
879,0,control
880,1,control
881,1,control
882,0,control
883,1,control
884,0,control
885,0,control
886,0,control
887,1,control
888,1,control
889,1,control
890,0,control
891,0,control
892,0,control
893,1,control
894,0,control
895,1,control
896,1,control
897,0,control
898,1,control
899,1,control
900,1,control
901,1,control
902,1,control
903,1,control
904,0,control
905,0,control
906,0,control
907,0,control
908,1,control
909,0,control
910,0,control
911,1,control
912,0,control
913,1,control
914,0,control
915,0,control
916,0,control
917,0,control
918,0,control
919,0,control
920,0,control
921,1,control
922,0,control
923,0,control
924,0,control
925,1,control
926,1,control
927,1,control
928,0,control
929,0,control
930,0,control
931,1,control
932,0,control
933,0,control
934,0,control
935,1,control
936,0,control
937,0,control
938,0,control
939,1,control
940,1,control
941,1,control
942,0,control
943,1,control
944,1,control
945,1,control
946,1,control
947,1,control
948,1,control
949,0,control
950,0,control
951,0,control
952,0,control
953,1,control
954,1,control
955,0,control
956,0,control
957,1,control
958,1,control
959,1,control
960,0,control
961,0,control
962,1,control
963,1,control
964,1,control
965,1,control
966,0,control
967,0,control
968,0,control
969,1,control
970,1,control
971,0,control
972,1,control
973,1,control
974,1,control
975,1,control
976,0,control
977,0,control
978,0,control
979,0,control
980,1,control
981,0,control
982,1,control
983,0,control
984,1,control
985,0,control
986,1,control
987,0,control
988,0,control
989,0,control
990,0,control
991,0,control
992,1,control
993,0,control
994,0,control
995,0,control
996,1,control
997,1,control
998,1,control
999,0,control
1000,1,control
1001,1,control
1002,0,control
1003,0,control
1004,1,control
1005,0,control
1006,1,control
1007,0,control
1008,1,control
1009,0,control
1010,1,control
1011,1,control
1012,1,control
1013,0,control
1014,0,control
1015,0,control
1016,1,control
1017,1,control
1018,1,control
1019,0,control
1020,0,control
1021,0,control
1022,0,control
1023,0,control
1024,0,control
1025,1,control
1026,0,control
1027,0,control
1028,0,control
1029,0,control
1030,0,control
1031,0,control
1032,1,control
1033,0,control
1034,1,control
1035,1,control
1036,1,control
1037,1,control
1038,1,control
1039,1,control
1040,0,control
1041,1,control
1042,1,control
1043,1,control
1044,1,control
1045,0,control
1046,0,control
1047,0,control
1048,0,control
1049,0,control
1050,0,control
1051,0,control
1052,0,control
1053,0,control
1054,0,control
1055,0,control
1056,0,control
1057,0,control
1058,0,control
1059,0,control
1060,0,control
1061,1,control
1062,0,control
1063,0,control
1064,1,control
1065,0,control
1066,1,control
1067,0,control
1068,0,control
1069,0,control
1070,0,control
1071,1,control
1072,1,control
1073,0,control
1074,0,control
1075,1,control
1076,1,control
1077,1,control
1078,0,control
1079,0,control
1080,0,control
1081,1,control
1082,0,control
1083,1,control
1084,0,control
1085,1,control
1086,1,control
1087,0,control
1088,0,control
1089,0,control
1090,0,control
1091,0,control
1092,0,control
1093,1,control
1094,1,control
1095,0,control
1096,1,control
1097,1,control
1098,1,control
1099,0,control
1100,0,control
1101,0,control
1102,0,control
1103,1,control
1104,0,control
1105,0,control
1106,1,control
1107,0,control
1108,0,control
1109,0,control
1110,1,control
1111,1,control
1112,0,control
1113,0,control
1114,0,control
1115,0,control
1116,1,control
1117,0,control
1118,1,control
1119,1,control
1120,0,control
1121,0,control
1122,0,control
1123,1,control
1124,0,control
1125,0,control
1126,0,control
1127,0,control
1128,0,control
1129,0,control
1130,1,control
1131,1,control
1132,1,control
1133,0,control
1134,1,control
1135,0,control
1136,0,control
1137,1,control
1138,1,control
1139,0,control
1140,0,control
1141,0,control
1142,0,control
1143,1,control
1144,1,control
1145,0,control
1146,1,control
1147,1,control
1148,1,control
1149,0,control
1150,1,control
1151,1,control
1152,1,control
1153,1,control
1154,1,control
1155,0,control
1156,1,control
1157,0,control
1158,1,control
1159,0,control
1160,0,control
1161,1,control
1162,0,control
1163,0,control
1164,0,control
1165,1,control
1166,0,control
1167,1,control
1168,1,control
1169,0,control
1170,0,control
1171,0,control
1172,0,control
1173,1,control
1174,1,control
1175,0,control
1176,0,control
1177,0,control
1178,0,control
1179,0,control
1180,0,control
1181,0,control
1182,1,control
1183,1,control
1184,1,control
1185,0,control
1186,0,control
1187,0,control
1188,0,control
1189,0,control
1190,0,control
1191,1,control
1192,0,control
1193,0,control
1194,0,control
1195,0,control
1196,1,control
1197,0,control
1198,0,control
1199,0,control
1200,0,control
1201,0,control
1202,1,control
1203,0,control
1204,1,control
1205,1,control
1206,0,control
1207,0,control
1208,0,control
1209,1,control
1210,0,control
1211,0,control
1212,1,control
1213,0,control
1214,0,control
1215,0,control
1216,1,control
1217,1,control
1218,1,control
1219,1,control
1220,0,control
1221,1,control
1222,1,control
1223,1,control
1224,1,control
1225,1,control
1226,0,control
1227,1,control
1228,1,control
1229,0,control
1230,1,control
1231,1,control
1232,1,control
1233,0,control
1234,1,control
1235,0,control
1236,1,control
1237,1,control
1238,0,control
1239,0,control
1240,0,control
1241,0,control
1242,1,control
1243,0,control
1244,1,control
1245,0,control
1246,1,control
1247,1,control
1248,0,control
1249,0,control
1250,0,control
1251,1,control
1252,1,control
1253,0,control
1254,1,control
1255,1,control
1256,1,control
1257,0,control
1258,0,control
1259,0,control
1260,0,control
1261,1,control
1262,1,control
1263,0,control
1264,0,control
1265,0,control
1266,0,control
1267,0,control
1268,0,control
1269,0,control
1270,1,control
1271,0,control
1272,0,control
1273,0,control
1274,1,control
1275,0,control
1276,1,control
1277,1,control
1278,0,control
1279,0,control
1280,1,control
1281,0,control
1282,1,control
1283,0,control
1284,1,control
1285,1,control
1286,0,control
1287,0,control
1288,1,control
1289,0,control
1290,0,control
1291,1,control
1292,0,control
1293,0,control
1294,1,control
1295,1,control
1296,1,control
1297,1,control
1298,1,control
1299,0,control
1300,1,control
1301,0,control
1302,1,control
1303,0,control
1304,1,control
1305,0,control
1306,1,control
1307,0,control
1308,0,control
1309,0,control
1310,1,control
1311,1,control
1312,1,control
1313,0,control
1314,1,control
1315,1,control
1316,1,control
1317,1,control
1318,0,control
1319,0,control
1320,0,control
1321,1,control
1322,1,control
1323,0,control
1324,0,control
1325,0,control
1326,1,control
1327,0,control
1328,0,control
1329,1,control
1330,1,control
1331,1,control
1332,0,control
1333,1,control
1334,0,control
1335,0,control
1336,0,control
1337,0,control
1338,1,control
1339,0,control
1340,0,control
1341,0,control
1342,0,control
1343,1,control
1344,0,control
1345,1,control
1346,0,control
1347,1,control
1348,0,control
1349,1,control
1350,0,control
1351,0,control
1352,0,control
1353,1,control
1354,1,control
1355,0,control
1356,1,control
1357,0,control
1358,0,control
1359,0,control
1360,1,control
1361,1,control
1362,1,control
1363,1,control
1364,1,control
1365,0,control
1366,1,control
1367,0,control
1368,1,control
1369,1,control
1370,0,control
1371,0,control
1372,1,control
1373,0,control
1374,0,control
1375,0,control
1376,1,control
1377,0,control
1378,1,control
1379,0,control
1380,0,control
1381,1,control
1382,0,control
1383,1,control
1384,1,control
1385,0,control
1386,1,control
1387,0,control
1388,1,control
1389,0,control
1390,0,control
1391,1,control
1392,0,control
1393,1,control
1394,0,control
1395,1,control
1396,0,control
1397,0,control
1398,0,control
1399,1,control
1400,0,control
1401,1,control
1402,1,control
1403,0,control
1404,1,control
1405,1,control
1406,0,control
1407,1,control
1408,1,control
1409,0,control
1410,0,control
1411,0,control
1412,0,control
1413,0,control
1414,0,control
1415,0,control
1416,0,control
1417,0,control
1418,1,control
1419,1,control
1420,1,control
1421,1,control
1422,1,control
1423,0,control
1424,0,control
1425,0,control
1426,0,control
1427,1,control
1428,1,control
1429,1,control
1430,0,control
1431,1,control
1432,0,control
1433,1,control
1434,1,control
1435,0,control
1436,0,control
1437,0,control
1438,1,control
1439,1,control
1440,1,control
1441,0,control
1442,0,control
1443,1,control
1444,1,control
1445,1,control
1446,0,control
1447,0,control
1448,0,control
1449,0,control
1450,1,control
1451,1,control
1452,0,control
1453,1,control
1454,1,control
1455,0,control
1456,0,control
1457,1,control
1458,0,control
1459,0,control
1460,1,control
1461,0,control
1462,0,control
1463,0,control
1464,1,control
1465,0,control
1466,1,control
1467,1,control
1468,0,control
1469,0,control
1470,1,control
1471,1,control
1472,1,control
1473,0,control
1474,0,control
1475,1,control
1476,0,control
1477,0,control
1478,1,control
1479,0,control
1480,1,control
1481,1,control
1482,0,control
1483,1,control
1484,0,control
1485,0,control
1486,1,control
1487,1,control
1488,1,control
1489,0,control
1490,0,control
1491,0,control
1492,1,control
1493,1,control
1494,0,control
1495,0,control
1496,0,control
1497,0,control
1498,1,control
1499,1,control
1500,0,control
1501,1,control
1502,0,control
1503,0,control
1504,1,control
1505,0,control
1506,1,control
1507,1,control
1508,0,control
1509,0,control
1510,0,control
1511,1,control
1512,0,control
1513,0,control
1514,0,control
1515,0,control
1516,1,control
1517,1,control
1518,0,control
1519,1,control
1520,1,control
1521,1,control
1522,1,control
1523,1,control
1524,1,control
1525,0,control
1526,0,control
1527,0,control
1528,0,control
1529,0,control
1530,0,control
1531,1,control
1532,0,control
1533,0,control
1534,1,control
1535,0,control
1536,1,control
1537,1,control
1538,1,control
1539,0,control
1540,1,control
1541,1,control
1542,0,control
1543,0,control
1544,0,control
1545,1,control
1546,0,control
1547,0,control
1548,0,control
1549,0,control
1550,1,control
1551,0,control
1552,1,control
1553,1,control
1554,0,control
1555,0,control
1556,1,control
1557,0,control
1558,1,control
1559,0,control
1560,0,control
1561,1,control
1562,0,control
1563,1,control
1564,0,control
1565,0,control
1566,1,control
1567,0,control
1568,0,control
1569,1,control
1570,0,control
1571,0,control
1572,1,control
1573,1,control
1574,0,control
1575,0,control
1576,1,control
1577,1,control
1578,0,control
1579,0,control
1580,1,control
1581,1,control
1582,0,control
1583,0,control
1584,0,control
1585,0,control
1586,0,control
1587,1,control
1588,1,control
1589,0,control
1590,1,control
1591,1,control
1592,0,control
1593,1,control
1594,1,control
1595,0,control
1596,0,control
1597,1,control
1598,1,control
1599,1,control
1600,1,control
1601,1,control
1602,1,control
1603,0,control
1604,0,control
1605,1,control
1606,0,control
1607,1,control
1608,0,control
1609,0,control
1610,1,control
1611,1,control
1612,0,control
1613,0,control
1614,0,control
1615,0,control
1616,1,control
1617,1,control
1618,0,control
1619,1,control
1620,1,control
1621,1,control
1622,0,control
1623,0,control
1624,0,control
1625,0,control
1626,0,control
1627,1,control
1628,0,control
1629,0,control
1630,0,control
1631,1,control
1632,0,control
1633,0,control
1634,1,control
1635,0,control
1636,0,control
1637,1,control
1638,1,control
1639,0,control
1640,0,control
1641,0,control
1642,1,control
1643,0,control
1644,1,control
1645,0,control
1646,0,control
1647,0,control
1648,0,control
1649,0,control
1650,1,control
1651,1,control
1652,0,control
1653,0,control
1654,0,control
1655,0,control
1656,0,control
1657,1,control
1658,0,control
1659,0,control
1660,0,control
1661,0,control
1662,1,control
1663,1,control
1664,1,control
1665,0,control
1666,1,control
1667,0,control
1668,1,control
1669,1,control
1670,1,control
1671,0,control
1672,1,control
1673,0,control
1674,1,control
1675,1,control
1676,0,control
1677,1,control
1678,1,control
1679,0,control
1680,0,control
1681,0,control
1682,1,control
1683,1,control
1684,0,control
1685,0,control
1686,0,control
1687,0,control
1688,0,control
1689,1,control
1690,1,control
1691,1,control
1692,1,control
1693,0,control
1694,0,control
1695,0,control
1696,0,control
1697,1,control
1698,0,control
1699,0,control
1700,1,control
1701,1,control
1702,0,control
1703,0,control
1704,0,control
1705,0,control
1706,0,control
1707,1,control
1708,1,control
1709,1,control
1710,0,control
1711,0,control
1712,0,control
1713,1,control
1714,0,control
1715,0,control
1716,1,control
1717,0,control
1718,1,control
1719,0,control
1720,1,control
1721,0,control
1722,1,control
1723,1,control
1724,0,control
1725,1,control
1726,0,control
1727,0,control
1728,0,control
1729,1,control
1730,1,control
1731,0,control
1732,0,control
1733,0,control
1734,0,control
1735,0,control
1736,0,control
1737,1,control
1738,0,control
1739,1,control
1740,1,control
1741,0,control
1742,0,control
1743,1,control
1744,1,control
1745,1,control
1746,0,control
1747,1,control
1748,0,control
1749,1,control
1750,1,control
1751,1,control
1752,1,control
1753,0,control
1754,0,control
1755,0,control
1756,0,control
1757,1,control
1758,0,control
1759,0,control
1760,0,control
1761,1,control
1762,1,control
1763,0,control
1764,0,control
1765,0,control
1766,1,control
1767,0,control
1768,1,control
1769,1,control
1770,1,control
1771,0,control
1772,1,control
1773,1,control
1774,1,control
1775,0,control
1776,0,control
1777,0,control
1778,0,control
1779,1,control
1780,0,control
1781,1,control
1782,1,control
1783,1,control
1784,0,control
1785,0,control
1786,1,control
1787,0,control
1788,0,control
1789,0,control
1790,0,control
1791,0,control
1792,0,control
1793,1,control
1794,1,control
1795,1,control
1796,1,control
1797,0,control
1798,0,control
1799,0,control
1800,1,control
1801,1,control
1802,1,control
1803,1,control
1804,0,control
1805,1,control
1806,1,control
1807,0,control
1808,1,control
1809,0,control
1810,1,control
1811,0,control
1812,0,control
1813,0,control
1814,1,control
1815,0,control
1816,1,control
1817,1,control
1818,0,control
1819,1,control
1820,1,control
1821,0,control
1822,0,control
1823,1,control
1824,1,control
1825,1,control
1826,1,control
1827,0,control
1828,0,control
1829,1,control
1830,0,control
1831,0,control
1832,0,control
1833,0,control
1834,0,control
1835,0,control
1836,1,control
1837,1,control
1838,0,control
1839,1,control
1840,0,control
1841,0,control
1842,0,control
1843,0,control
1844,0,control
1845,1,control
1846,1,control
1847,0,control
1848,1,control
1849,1,control
1850,0,control
1851,0,control
1852,1,control
1853,0,control
1854,0,control
1855,1,control
1856,0,control
1857,1,control
1858,1,control
1859,0,control
1860,0,control
1861,0,control
1862,1,control
1863,0,control
1864,1,control
1865,0,control
1866,1,control
1867,0,control
1868,0,control
1869,0,control
1870,0,control
1871,1,control
1872,1,control
1873,0,control
1874,0,control
1875,1,control
1876,0,control
1877,1,control
1878,0,control
1879,0,control
1880,1,control
1881,1,control
1882,0,control
1883,0,control
1884,1,control
1885,0,control
1886,0,control
1887,0,control
1888,0,control
1889,1,control
1890,0,control
1891,1,control
1892,0,control
1893,0,control
1894,0,control
1895,0,control
1896,0,control
1897,0,control
1898,1,control
1899,0,control
1900,0,control
1901,0,control
1902,0,control
1903,0,control
1904,1,control
1905,0,control
1906,1,control
1907,0,control
1908,0,control
1909,1,control
1910,0,control
1911,0,control
1912,0,control
1913,0,control
1914,1,control
1915,1,control
1916,0,control
1917,1,control
1918,0,control
1919,0,control
1920,0,control
1921,0,control
1922,0,control
1923,0,control
1924,1,control
1925,0,control
1926,0,control
1927,0,control
1928,0,control
1929,1,control
1930,0,control
1931,0,control
1932,1,control
1933,0,control
1934,0,control
1935,1,control
1936,1,control
1937,1,control
1938,0,control
1939,1,control
1940,1,control
1941,0,control
1942,0,control
1943,1,control
1944,1,control
1945,1,control
1946,0,control
1947,0,control
1948,0,control
1949,0,control
1950,0,control
1951,0,control
1952,1,control
1953,1,control
1954,0,control
1955,0,control
1956,0,control
1957,0,control
1958,1,control
1959,0,control
1960,1,control
1961,0,control
1962,0,control
1963,0,control
1964,1,control
1965,0,control
1966,0,control
1967,1,control
1968,0,control
1969,0,control
1970,0,control
1971,1,control
1972,1,control
1973,0,control
1974,1,control
1975,0,control
1976,0,control
1977,0,control
1978,0,control
1979,0,control
1980,1,control
1981,0,control
1982,0,control
1983,0,control
1984,0,control
1985,0,control
1986,0,control
1987,1,control
1988,0,control
1989,0,control
1990,0,control
1991,0,control
1992,1,control
1993,0,control
1994,1,control
1995,0,control
1996,0,control
1997,1,control
1998,0,control
1999,0,control
2000,1,control
2001,0,control
2002,1,control
2003,0,control
2004,0,control
2005,0,control
2006,1,control
2007,0,control
2008,1,control
2009,1,control
2010,0,control
2011,0,control
2012,0,control
2013,1,control
2014,0,control
2015,1,control
2016,0,control
2017,1,control
2018,0,control
2019,0,control
2020,0,control
2021,1,control
2022,1,control
2023,0,control
2024,0,control
2025,1,control
2026,0,control
2027,1,control
2028,0,control
2029,1,control
2030,0,control
2031,1,control
2032,0,control
2033,1,control
2034,1,control
2035,1,control
2036,0,control
2037,0,control
2038,0,control
2039,1,control
2040,1,control
2041,0,control
2042,0,control
2043,0,control
2044,0,control
2045,0,control
2046,0,control
2047,0,control
2048,0,control
2049,1,control
2050,0,control
2051,0,control
2052,0,control
2053,0,control
2054,0,control
2055,0,control
2056,0,control
2057,1,control
2058,1,control
2059,1,control
2060,0,control
2061,0,control
2062,1,control
2063,0,control
2064,0,control
2065,0,control
2066,0,control
2067,1,control
2068,0,control
2069,0,control
2070,0,control
2071,0,control
2072,1,control
2073,0,control
2074,1,control
2075,1,control
2076,0,control
2077,1,control
2078,0,control
2079,1,control
2080,0,control
2081,0,control
2082,1,control
2083,0,control
2084,0,control
2085,0,control
2086,0,control
2087,0,control
2088,0,control
2089,0,control
2090,0,control
2091,1,control
2092,0,control
2093,0,control
2094,1,control
2095,0,control
2096,1,control
2097,1,control
2098,0,control
2099,0,control
2100,1,control
2101,1,control
2102,0,control
2103,0,control
2104,1,control
2105,1,control
2106,0,control
2107,0,control
2108,0,control
2109,0,control
2110,0,control
2111,1,control
2112,0,control
2113,0,control
2114,0,control
2115,1,control
2116,0,control
2117,1,control
2118,1,control
2119,0,control
2120,0,control
2121,0,control
2122,0,control
2123,1,control
2124,0,control
2125,1,control
2126,0,control
2127,0,control
2128,1,control
2129,0,control
2130,0,control
2131,0,control
2132,1,control
2133,1,control
2134,0,control
2135,1,control
2136,0,control
2137,0,control
2138,0,control
2139,1,control
2140,0,control
2141,0,control
2142,1,control
2143,1,control
2144,1,control
2145,0,control
2146,1,control
2147,1,control
2148,1,control
2149,1,control
2150,0,control
2151,1,control
2152,1,control
2153,1,control
2154,0,control
2155,0,control
2156,0,control
2157,0,control
2158,0,control
2159,1,control
2160,1,control
2161,0,control
2162,0,control
2163,0,control
2164,1,control
2165,0,control
2166,1,control
2167,0,control
2168,0,control
2169,1,control
2170,1,control
2171,1,control
2172,0,control
2173,0,control
2174,0,control
2175,0,control
2176,1,control
2177,0,control
2178,0,control
2179,1,control
2180,0,control
2181,0,control
2182,1,control
2183,1,control
2184,0,control
2185,0,control
2186,0,control
2187,0,control
2188,0,control
2189,0,control
2190,0,control
2191,0,control
2192,0,control
2193,0,control
2194,0,control
2195,1,control
2196,0,control
2197,0,control
2198,1,control
2199,1,control
2200,1,control
2201,1,control
2202,0,control
2203,0,control
2204,0,control
2205,1,control
2206,0,control
2207,1,control
2208,1,control
2209,1,control
2210,1,control
2211,0,control
2212,0,control
2213,0,control
2214,1,control
2215,1,control
2216,0,control
2217,1,control
2218,0,control
2219,0,control
2220,0,control
2221,1,control
2222,1,control
2223,0,control
2224,0,control
2225,1,control
2226,0,control
2227,1,control
2228,0,control
2229,1,control
2230,1,control
2231,1,control
2232,1,control
2233,1,control
2234,0,control
2235,1,control
2236,0,control
2237,0,control
2238,1,control
2239,0,control
2240,0,control
2241,0,control
2242,1,control
2243,0,control
2244,0,control
2245,0,control
2246,0,control
2247,1,control
2248,1,control
2249,0,control
2250,1,control
2251,0,control
2252,1,control
2253,0,control
2254,1,control
2255,1,control
2256,0,control
2257,0,control
2258,0,control
2259,1,control
2260,1,control
2261,0,control
2262,0,control
2263,0,control
2264,0,control
2265,1,control
2266,1,control
2267,0,control
2268,1,control
2269,0,control
2270,0,control
2271,0,control
2272,1,control
2273,0,control
2274,0,control
2275,0,control
2276,0,control
2277,1,control
2278,0,control
2279,0,control
2280,1,control
2281,0,control
2282,0,control
2283,0,control
2284,0,control
2285,1,control
2286,0,control
2287,0,control
2288,0,control
2289,1,control
2290,0,control
2291,0,control
2292,0,control
2293,0,control
2294,1,control
2295,0,control
2296,1,control
2297,1,control
2298,0,control
2299,0,control
2300,1,control
2301,0,control
2302,1,control
2303,0,control
2304,1,control
2305,0,control
2306,1,control
2307,0,control
2308,1,control
2309,0,control
2310,0,control
2311,1,control
2312,1,control
2313,1,control
2314,1,control
2315,0,control
2316,1,control
2317,1,control
2318,0,control
2319,1,control
2320,0,control
2321,1,control
2322,1,control
2323,1,control
2324,0,control
2325,1,control
2326,0,control
2327,1,control
2328,0,control
2329,1,control
2330,0,control
2331,1,control
2332,0,control
2333,1,control
2334,1,control
2335,0,control
2336,1,control
2337,1,control
2338,0,control
2339,0,control
2340,0,control
2341,1,control
2342,0,control
2343,1,control
2344,0,control
2345,0,control
2346,0,control
2347,1,control
2348,0,control
2349,0,control
2350,1,control
2351,0,control
2352,0,control
2353,1,control
2354,0,control
2355,1,control
2356,0,control
2357,1,control
2358,1,control
2359,1,control
2360,0,control
2361,1,control
2362,0,control
2363,0,control
2364,0,control
2365,1,control
2366,1,control
2367,0,control
2368,0,control
2369,0,control
2370,0,control
2371,0,control
2372,1,control
2373,1,control
2374,1,control
2375,0,control
2376,1,control
2377,1,control
2378,1,control
2379,1,control
2380,0,control
2381,1,control
2382,0,control
2383,0,control
2384,0,control
2385,1,control
2386,0,control
2387,0,control
2388,1,control
2389,1,control
2390,0,control
2391,1,control
2392,1,control
2393,1,control
2394,0,control
2395,0,control
2396,0,control
2397,1,control
2398,0,control
2399,0,control
2400,0,control
2401,1,control
2402,0,control
2403,1,control
2404,0,control
2405,0,control
2406,0,control
2407,0,control
2408,0,control
2409,1,control
2410,0,control
2411,0,control
2412,0,control
2413,0,control
2414,0,control
2415,0,control
2416,1,control
2417,1,control
2418,1,control
2419,0,control
2420,0,control
2421,1,control
2422,0,control
2423,0,control
2424,0,control
2425,0,control
2426,0,control
2427,0,control
2428,1,control
2429,0,control
2430,0,control
2431,1,control
2432,0,control
2433,0,control
2434,1,control
2435,0,control
2436,0,control
2437,0,control
2438,0,control
2439,0,control
2440,0,control
2441,1,control
2442,0,control
2443,0,control
2444,1,control
2445,1,control
2446,0,control
2447,0,control
2448,0,control
2449,0,control
2450,0,control
2451,1,control
2452,1,control
2453,1,control
2454,0,control
2455,0,control
2456,0,control
2457,1,control
2458,0,control
2459,0,control
2460,1,control
2461,0,control
2462,0,control
2463,1,control
2464,1,control
2465,1,control
2466,1,control
2467,0,control
2468,1,control
2469,1,control
2470,1,control
2471,1,control
2472,1,control
2473,1,control
2474,1,control
2475,0,control
2476,1,control
2477,0,control
2478,0,control
2479,0,control
2480,0,control
2481,0,control
2482,1,control
2483,0,control
2484,1,control
2485,0,control
2486,1,control
2487,0,control
2488,1,control
2489,0,control
2490,0,control
2491,0,control
2492,0,control
2493,0,control
2494,1,control
2495,0,control
2496,1,control
2497,1,control
2498,1,control
2499,1,control
2500,0,control
2501,1,control
2502,0,control
2503,0,control
2504,1,control
2505,1,control
2506,0,control
2507,1,control
2508,0,control
2509,1,control
2510,0,control
2511,0,control
2512,1,control
2513,0,control
2514,1,control
2515,1,control
2516,0,control
2517,0,control
2518,0,control
2519,0,control
2520,0,control
2521,1,control
2522,0,control
2523,0,control
2524,0,control
2525,1,control
2526,0,control
2527,0,control
2528,0,control
2529,1,control
2530,0,control
2531,0,control
2532,1,control
2533,1,control
2534,1,control
2535,0,control
2536,1,control
2537,1,control
2538,0,control
2539,1,control
2540,0,control
2541,1,control
2542,0,control
2543,0,control
2544,1,control
2545,0,control
2546,0,control
2547,1,control
2548,0,control
2549,0,control
2550,0,control
2551,0,control
2552,0,control
2553,0,control
2554,0,control
2555,0,control
2556,1,control
2557,1,control
2558,1,control
2559,0,control
2560,0,control
2561,0,control
2562,0,control
2563,0,control
2564,0,control
2565,1,control
2566,1,control
2567,0,control
2568,0,control
2569,0,control
2570,1,control
2571,0,control
2572,0,control
2573,1,control
2574,1,control
2575,0,control
2576,0,control
2577,1,control
2578,0,control
2579,0,control
2580,1,control
2581,0,control
2582,0,control
2583,1,control
2584,0,control
2585,0,control
2586,1,control
2587,0,control
2588,0,control
2589,1,control
2590,1,control
2591,1,control
2592,0,control
2593,0,control
2594,1,control
2595,1,control
2596,0,control
2597,1,control
2598,0,control
2599,1,control
2600,0,control
2601,1,control
2602,1,control
2603,0,control
2604,1,control
2605,0,control
2606,1,control
2607,0,control
2608,0,control
2609,1,control
2610,1,control
2611,1,control
2612,1,control
2613,0,control
2614,0,control
2615,1,control
2616,1,control
2617,0,control
2618,0,control
2619,1,control
2620,1,control
2621,0,control
2622,0,control
2623,0,control
2624,1,control
2625,0,control
2626,0,control
2627,1,control
2628,0,control
2629,1,control
2630,1,control
2631,1,control
2632,0,control
2633,1,control
2634,0,control
2635,0,control
2636,0,control
2637,0,control
2638,1,control
2639,1,control
2640,0,control
2641,1,control
2642,0,control
2643,1,control
2644,1,control
2645,0,control
2646,0,control
2647,1,control
2648,1,control
2649,0,control
2650,0,control
2651,0,control
2652,0,control
2653,0,control
2654,1,control
2655,0,control
2656,1,control
2657,0,control
2658,0,control
2659,1,control
2660,0,control
2661,0,control
2662,0,control
2663,1,control
2664,1,control
2665,0,control
2666,1,control
2667,0,control
2668,1,control
2669,1,control
2670,0,control
2671,0,control
2672,0,control
2673,1,control
2674,1,control
2675,0,control
2676,0,control
2677,0,control
2678,0,control
2679,0,control
2680,0,control
2681,1,control
2682,0,control
2683,0,control
2684,0,control
2685,0,control
2686,1,control
2687,1,control
2688,1,control
2689,0,control
2690,0,control
2691,0,control
2692,1,control
2693,0,control
2694,1,control
2695,1,control
2696,1,control
2697,1,control
2698,1,control
2699,0,control
2700,1,control
2701,0,control
2702,1,control
2703,0,control
2704,0,control
2705,0,control
2706,0,control
2707,1,control
2708,0,control
2709,0,control
2710,0,control
2711,0,control
2712,0,control
2713,1,control
2714,1,control
2715,1,control
2716,0,control
2717,1,control
2718,1,control
2719,1,control
2720,0,control
2721,0,control
2722,0,control
2723,0,control
2724,0,control
2725,1,control
2726,0,control
2727,1,control
2728,1,control
2729,1,control
2730,1,control
2731,0,control
2732,0,control
2733,0,control
2734,0,control
2735,1,control
2736,0,control
2737,0,control
2738,1,control
2739,0,control
2740,1,control
2741,1,control
2742,1,control
2743,1,control
2744,1,control
2745,1,control
2746,1,control
2747,1,control
2748,1,control
2749,0,control
2750,0,control
2751,0,control
2752,1,control
2753,0,control
2754,0,control
2755,1,control
2756,1,control
2757,1,control
2758,1,control
2759,0,control
2760,1,control
2761,0,control
2762,1,control
2763,0,control
2764,0,control
2765,1,control
2766,1,control
2767,0,control
2768,0,control
2769,1,control
2770,1,control
2771,0,control
2772,0,control
2773,0,control
2774,1,control
2775,1,control
2776,1,control
2777,0,control
2778,0,control
2779,0,control
2780,1,control
2781,1,control
2782,0,control
2783,1,control
2784,1,control
2785,0,control
2786,0,control
2787,0,control
2788,0,control
2789,1,control
2790,0,control
2791,0,control
2792,0,control
2793,1,control
2794,1,control
2795,1,control
2796,1,control
2797,1,control
2798,0,control
2799,1,control
2800,0,control
2801,0,control
2802,1,control
2803,1,control
2804,1,control
2805,1,control
2806,1,control
2807,0,control
2808,0,control
2809,0,control
2810,1,control
2811,0,control
2812,1,control
2813,1,control
2814,0,control
2815,1,control
2816,0,control
2817,0,control
2818,1,control
2819,1,control
2820,1,control
2821,0,control
2822,1,control
2823,0,control
2824,0,control
2825,0,control
2826,0,control
2827,0,control
2828,0,control
2829,0,control
2830,1,control
2831,0,control
2832,1,control
2833,0,control
2834,0,control
2835,1,control
2836,0,control
2837,1,control
2838,1,control
2839,0,control
2840,0,control
2841,0,control
2842,0,control
2843,0,control
2844,0,control
2845,0,control
2846,0,control
2847,1,control
2848,0,control
2849,0,control
2850,1,control
2851,1,control
2852,0,control
2853,0,control
2854,0,control
2855,0,control
2856,0,control
2857,1,control
2858,0,control
2859,0,control
2860,0,control
2861,0,control
2862,1,control
2863,0,control
2864,0,control
2865,0,control
2866,0,control
2867,0,control
2868,1,control
2869,1,control
2870,1,control
2871,0,control
2872,0,control
2873,1,control
2874,0,control
2875,0,control
2876,1,control
2877,1,control
2878,1,control
2879,0,control
2880,0,control
2881,0,control
2882,0,control
2883,0,control
2884,0,control
2885,1,control
2886,0,control
2887,1,control
2888,0,control
2889,1,control
2890,0,control
2891,1,control
2892,1,control
2893,0,control
2894,1,control
2895,0,control
2896,0,control
2897,0,control
2898,0,control
2899,0,control
2900,0,control
2901,1,control
2902,1,control
2903,0,control
2904,0,control
2905,1,control
2906,1,control
2907,1,control
2908,0,control
2909,0,control
2910,0,control
2911,0,control
2912,1,control
2913,1,control
2914,0,control
2915,0,control
2916,0,control
2917,1,control
2918,0,control
2919,0,control
2920,1,control
2921,0,control
2922,0,control
2923,0,control
2924,0,control
2925,1,control
2926,1,control
2927,0,control
2928,1,control
2929,0,control
2930,1,control
2931,0,control
2932,1,control
2933,0,control
2934,0,control
2935,1,control
2936,0,control
2937,0,control
2938,0,control
2939,0,control
2940,0,control
2941,1,control
2942,1,control
2943,0,control
2944,0,control
2945,1,test
2946,0,test
2947,1,test
2948,1,test
2949,1,test
2950,0,test
2951,1,test
2952,1,test
2953,0,test
2954,0,test
2955,1,test
2956,0,test
2957,1,test
2958,1,test
2959,1,test
2960,1,test
2961,1,test
2962,0,test
2963,0,test
2964,0,test
2965,1,test
2966,0,test
2967,0,test
2968,0,test
2969,0,test
2970,0,test
2971,1,test
2972,0,test
2973,1,test
2974,1,test
2975,0,test
2976,0,test
2977,0,test
2978,0,test
2979,1,test
2980,0,test
2981,0,test
2982,1,test
2983,1,test
2984,1,test
2985,0,test
2986,0,test
2987,0,test
2988,1,test
2989,1,test
2990,1,test
2991,0,test
2992,1,test
2993,0,test
2994,1,test
2995,0,test
2996,1,test
2997,1,test
2998,0,test
2999,0,test
3000,1,test
3001,1,test
3002,1,test
3003,1,test
3004,1,test
3005,1,test
3006,0,test
3007,1,test
3008,0,test
3009,1,test
3010,0,test
3011,0,test
3012,1,test
3013,1,test
3014,1,test
3015,1,test
3016,0,test
3017,0,test
3018,1,test
3019,1,test
3020,0,test
3021,1,test
3022,1,test
3023,1,test
3024,0,test
3025,0,test
3026,1,test
3027,0,test
3028,1,test
3029,1,test
3030,0,test
3031,0,test
3032,0,test
3033,0,test
3034,1,test
3035,1,test
3036,0,test
3037,0,test
3038,1,test
3039,0,test
3040,1,test
3041,0,test
3042,0,test
3043,0,test
3044,1,test
3045,0,test
3046,0,test
3047,0,test
3048,1,test
3049,0,test
3050,0,test
3051,0,test
3052,0,test
3053,0,test
3054,1,test
3055,0,test
3056,1,test
3057,1,test
3058,0,test
3059,0,test
3060,1,test
3061,0,test
3062,1,test
3063,1,test
3064,1,test
3065,0,test
3066,1,test
3067,0,test
3068,0,test
3069,1,test
3070,0,test
3071,0,test
3072,1,test
3073,1,test
3074,1,test
3075,0,test
3076,1,test
3077,1,test
3078,1,test
3079,0,test
3080,1,test
3081,0,test
3082,1,test
3083,0,test
3084,0,test
3085,1,test
3086,1,test
3087,1,test
3088,1,test
3089,1,test
3090,1,test
3091,1,test
3092,1,test
3093,0,test
3094,0,test
3095,0,test
3096,1,test
3097,0,test
3098,0,test
3099,0,test
3100,0,test
3101,0,test
3102,0,test
3103,1,test
3104,1,test
3105,0,test
3106,1,test
3107,1,test
3108,0,test
3109,1,test
3110,0,test
3111,1,test
3112,0,test
3113,1,test
3114,0,test
3115,1,test
3116,0,test
3117,1,test
3118,0,test
3119,1,test
3120,0,test
3121,1,test
3122,0,test
3123,1,test
3124,0,test
3125,0,test
3126,0,test
3127,1,test
3128,0,test
3129,0,test
3130,0,test
3131,0,test
3132,1,test
3133,1,test
3134,0,test
3135,0,test
3136,1,test
3137,0,test
3138,0,test
3139,0,test
3140,0,test
3141,0,test
3142,0,test
3143,1,test
3144,0,test
3145,1,test
3146,0,test
3147,0,test
3148,1,test
3149,1,test
3150,0,test
3151,0,test
3152,0,test
3153,1,test
3154,1,test
3155,0,test
3156,1,test
3157,1,test
3158,1,test
3159,1,test
3160,0,test
3161,1,test
3162,1,test
3163,0,test
3164,0,test
3165,1,test
3166,1,test
3167,0,test
3168,0,test
3169,0,test
3170,1,test
3171,1,test
3172,0,test
3173,0,test
3174,0,test
3175,1,test
3176,1,test
3177,0,test
3178,1,test
3179,0,test
3180,1,test
3181,1,test
3182,0,test
3183,0,test
3184,1,test
3185,0,test
3186,1,test
3187,0,test
3188,0,test
3189,0,test
3190,1,test
3191,1,test
3192,1,test
3193,1,test
3194,0,test
3195,1,test
3196,0,test
3197,1,test
3198,0,test
3199,0,test
3200,1,test
3201,1,test
3202,0,test
3203,0,test
3204,0,test
3205,0,test
3206,1,test
3207,1,test
3208,0,test
3209,0,test
3210,0,test
3211,1,test
3212,1,test
3213,1,test
3214,0,test
3215,0,test
3216,0,test
3217,1,test
3218,1,test
3219,0,test
3220,0,test
3221,0,test
3222,0,test
3223,0,test
3224,1,test
3225,0,test
3226,0,test
3227,0,test
3228,0,test
3229,0,test
3230,0,test
3231,0,test
3232,0,test
3233,0,test
3234,0,test
3235,0,test
3236,1,test
3237,0,test
3238,1,test
3239,0,test
3240,1,test
3241,1,test
3242,1,test
3243,1,test
3244,0,test
3245,1,test
3246,1,test
3247,0,test
3248,1,test
3249,0,test
3250,0,test
3251,0,test
3252,1,test
3253,1,test
3254,1,test
3255,1,test
3256,1,test
3257,0,test
3258,1,test
3259,1,test
3260,0,test
3261,1,test
3262,1,test
3263,1,test
3264,1,test
3265,1,test
3266,1,test
3267,0,test
3268,0,test
3269,0,test
3270,0,test
3271,1,test
3272,0,test
3273,1,test
3274,1,test
3275,0,test
3276,0,test
3277,0,test
3278,0,test
3279,1,test
3280,0,test
3281,0,test
3282,1,test
3283,0,test
3284,0,test
3285,1,test
3286,0,test
3287,0,test
3288,0,test
3289,0,test
3290,0,test
3291,0,test
3292,0,test
3293,1,test
3294,1,test
3295,1,test
3296,1,test
3297,1,test
3298,0,test
3299,0,test
3300,1,test
3301,1,test
3302,0,test
3303,0,test
3304,0,test
3305,1,test
3306,1,test
3307,0,test
3308,0,test
3309,0,test
3310,0,test
3311,1,test
3312,1,test
3313,1,test
3314,0,test
3315,0,test
3316,1,test
3317,0,test
3318,1,test
3319,0,test
3320,0,test
3321,1,test
3322,0,test
3323,1,test
3324,0,test
3325,0,test
3326,1,test
3327,1,test
3328,1,test
3329,0,test
3330,1,test
3331,1,test
3332,1,test
3333,0,test
3334,1,test
3335,0,test
3336,0,test
3337,1,test
3338,1,test
3339,1,test
3340,0,test
3341,1,test
3342,1,test
3343,1,test
3344,0,test
3345,0,test
3346,0,test
3347,0,test
3348,0,test
3349,1,test
3350,0,test
3351,1,test
3352,1,test
3353,0,test
3354,1,test
3355,1,test
3356,0,test
3357,1,test
3358,1,test
3359,0,test
3360,1,test
3361,1,test
3362,1,test
3363,1,test
3364,1,test
3365,0,test
3366,0,test
3367,0,test
3368,1,test
3369,0,test
3370,0,test
3371,0,test
3372,1,test
3373,1,test
3374,1,test
3375,1,test
3376,1,test
3377,1,test
3378,0,test
3379,0,test
3380,0,test
3381,1,test
3382,0,test
3383,0,test
3384,1,test
3385,0,test
3386,0,test
3387,0,test
3388,1,test
3389,1,test
3390,1,test
3391,1,test
3392,1,test
3393,1,test
3394,0,test
3395,0,test
3396,0,test
3397,0,test
3398,0,test
3399,1,test
3400,0,test
3401,0,test
3402,1,test
3403,0,test
3404,0,test
3405,0,test
3406,0,test
3407,1,test
3408,1,test
3409,0,test
3410,0,test
3411,1,test
3412,1,test
3413,1,test
3414,1,test
3415,0,test
3416,0,test
3417,1,test
3418,1,test
3419,0,test
3420,1,test
3421,0,test
3422,1,test
3423,1,test
3424,0,test
3425,1,test
3426,1,test
3427,1,test
3428,0,test
3429,1,test
3430,0,test
3431,0,test
3432,0,test
3433,0,test
3434,1,test
3435,0,test
3436,1,test
3437,1,test
3438,1,test
3439,0,test
3440,0,test
3441,0,test
3442,0,test
3443,1,test
3444,0,test
3445,1,test
3446,1,test
3447,1,test
3448,0,test
3449,1,test
3450,1,test
3451,1,test
3452,1,test
3453,0,test
3454,0,test
3455,1,test
3456,1,test
3457,0,test
3458,1,test
3459,1,test
3460,1,test
3461,1,test
3462,1,test
3463,0,test
3464,0,test
3465,0,test
3466,1,test
3467,0,test
3468,1,test
3469,1,test
3470,0,test
3471,0,test
3472,0,test
3473,0,test
3474,0,test
3475,1,test
3476,0,test
3477,0,test
3478,0,test
3479,1,test
3480,1,test
3481,1,test
3482,0,test
3483,1,test
3484,1,test
3485,0,test
3486,1,test
3487,1,test
3488,0,test
3489,0,test
3490,1,test
3491,1,test
3492,1,test
3493,1,test
3494,0,test
3495,0,test
3496,1,test
3497,1,test
3498,0,test
3499,1,test
3500,0,test
3501,1,test
3502,1,test
3503,0,test
3504,0,test
3505,0,test
3506,0,test
3507,0,test
3508,0,test
3509,1,test
3510,0,test
3511,1,test
3512,0,test
3513,0,test
3514,0,test
3515,0,test
3516,1,test
3517,1,test
3518,1,test
3519,1,test
3520,0,test
3521,1,test
3522,0,test
3523,0,test
3524,0,test
3525,0,test
3526,0,test
3527,0,test
3528,0,test
3529,0,test
3530,1,test
3531,0,test
3532,0,test
3533,1,test
3534,1,test
3535,0,test
3536,0,test
3537,1,test
3538,0,test
3539,1,test
3540,1,test
3541,1,test
3542,0,test
3543,0,test
3544,1,test
3545,0,test
3546,1,test
3547,1,test
3548,0,test
3549,0,test
3550,0,test
3551,1,test
3552,0,test
3553,0,test
3554,0,test
3555,1,test
3556,0,test
3557,0,test
3558,1,test
3559,0,test
3560,0,test
3561,1,test
3562,0,test
3563,0,test
3564,0,test
3565,0,test
3566,0,test
3567,0,test
3568,1,test
3569,1,test
3570,1,test
3571,1,test
3572,0,test
3573,1,test
3574,1,test
3575,0,test
3576,1,test
3577,1,test
3578,1,test
3579,1,test
3580,0,test
3581,1,test
3582,1,test
3583,0,test
3584,0,test
3585,0,test
3586,0,test
3587,1,test
3588,1,test
3589,0,test
3590,1,test
3591,1,test
3592,1,test
3593,1,test
3594,1,test
3595,0,test
3596,0,test
3597,0,test
3598,0,test
3599,1,test
3600,1,test
3601,0,test
3602,1,test
3603,1,test
3604,1,test
3605,1,test
3606,0,test
3607,1,test
3608,0,test
3609,0,test
3610,0,test
3611,1,test
3612,1,test
3613,1,test
3614,0,test
3615,0,test
3616,0,test
3617,1,test
3618,0,test
3619,0,test
3620,0,test
3621,1,test
3622,0,test
3623,1,test
3624,1,test
3625,0,test
3626,0,test
3627,1,test
3628,1,test
3629,0,test
3630,0,test
3631,1,test
3632,0,test
3633,1,test
3634,0,test
3635,0,test
3636,1,test
3637,1,test
3638,0,test
3639,0,test
3640,1,test
3641,0,test
3642,0,test
3643,1,test
3644,0,test
3645,0,test
3646,1,test
3647,1,test
3648,1,test
3649,0,test
3650,1,test
3651,0,test
3652,0,test
3653,0,test
3654,1,test
3655,0,test
3656,0,test
3657,1,test
3658,0,test
3659,1,test
3660,1,test
3661,0,test
3662,0,test
3663,1,test
3664,0,test
3665,0,test
3666,0,test
3667,0,test
3668,1,test
3669,0,test
3670,0,test
3671,1,test
3672,0,test
3673,0,test
3674,0,test
3675,1,test
3676,0,test
3677,1,test
3678,0,test
3679,1,test
3680,1,test
3681,1,test
3682,1,test
3683,0,test
3684,1,test
3685,0,test
3686,1,test
3687,0,test
3688,0,test
3689,1,test
3690,0,test
3691,0,test
3692,0,test
3693,1,test
3694,0,test
3695,0,test
3696,0,test
3697,0,test
3698,1,test
3699,0,test
3700,1,test
3701,1,test
3702,0,test
3703,0,test
3704,1,test
3705,1,test
3706,1,test
3707,1,test
3708,1,test
3709,0,test
3710,0,test
3711,0,test
3712,0,test
3713,1,test
3714,0,test
3715,1,test
3716,1,test
3717,0,test
3718,0,test
3719,1,test
3720,0,test
3721,0,test
3722,1,test
3723,1,test
3724,0,test
3725,1,test
3726,0,test
3727,0,test
3728,1,test
3729,1,test
3730,0,test
3731,1,test
3732,1,test
3733,0,test
3734,0,test
3735,1,test
3736,1,test
3737,1,test
3738,0,test
3739,1,test
3740,0,test
3741,0,test
3742,0,test
3743,0,test
3744,0,test
3745,1,test
3746,0,test
3747,0,test
3748,0,test
3749,1,test
3750,0,test
3751,0,test
3752,1,test
3753,1,test
3754,0,test
3755,0,test
3756,0,test
3757,0,test
3758,1,test
3759,1,test
3760,0,test
3761,0,test
3762,0,test
3763,1,test
3764,0,test
3765,1,test
3766,1,test
3767,1,test
3768,1,test
3769,1,test
3770,0,test
3771,0,test
3772,1,test
3773,0,test
3774,0,test
3775,0,test
3776,0,test
3777,1,test
3778,1,test
3779,1,test
3780,0,test
3781,0,test
3782,1,test
3783,0,test
3784,1,test
3785,1,test
3786,1,test
3787,0,test
3788,1,test
3789,0,test
3790,0,test
3791,1,test
3792,1,test
3793,1,test
3794,1,test
3795,0,test
3796,0,test
3797,0,test
3798,0,test
3799,1,test
3800,0,test
3801,1,test
3802,0,test
3803,1,test
3804,0,test
3805,1,test
3806,1,test
3807,0,test
3808,0,test
3809,0,test
3810,0,test
3811,1,test
3812,1,test
3813,0,test
3814,0,test
3815,0,test
3816,1,test
3817,1,test
3818,0,test
3819,0,test
3820,1,test
3821,0,test
3822,1,test
3823,1,test
3824,1,test
3825,1,test
3826,0,test
3827,0,test
3828,0,test
3829,1,test
3830,1,test
3831,0,test
3832,0,test
3833,1,test
3834,1,test
3835,1,test
3836,0,test
3837,0,test
3838,0,test
3839,1,test
3840,0,test
3841,1,test
3842,0,test
3843,1,test
3844,0,test
3845,0,test
3846,1,test
3847,1,test
3848,1,test
3849,1,test
3850,1,test
3851,0,test
3852,1,test
3853,0,test
3854,0,test
3855,0,test
3856,1,test
3857,0,test
3858,0,test
3859,0,test
3860,1,test
3861,1,test
3862,1,test
3863,1,test
3864,0,test
3865,0,test
3866,1,test
3867,1,test
3868,1,test
3869,0,test
3870,0,test
3871,1,test
3872,0,test
3873,0,test
3874,0,test
3875,0,test
3876,0,test
3877,1,test
3878,1,test
3879,1,test
3880,1,test
3881,1,test
3882,1,test
3883,0,test
3884,1,test
3885,0,test
3886,1,test
3887,1,test
3888,0,test
3889,1,test
3890,0,test
3891,1,test
3892,0,test
3893,0,test
3894,0,test
3895,0,test
3896,0,test
3897,1,test
3898,0,test
3899,1,test
3900,0,test
3901,1,test
3902,0,test
3903,1,test
3904,1,test
3905,1,test
3906,1,test
3907,0,test
3908,1,test
3909,0,test
3910,0,test
3911,1,test
3912,0,test
3913,1,test
3914,1,test
3915,1,test
3916,0,test
3917,1,test
3918,1,test
3919,0,test
3920,0,test
3921,0,test
3922,0,test
3923,0,test
3924,1,test
3925,1,test
3926,0,test
3927,0,test
3928,1,test
3929,0,test
3930,1,test
3931,0,test
3932,1,test
3933,1,test
3934,0,test
3935,1,test
3936,1,test
3937,1,test
3938,0,test
3939,1,test
3940,1,test
3941,0,test
3942,0,test
3943,1,test
3944,0,test
3945,1,test
3946,1,test
3947,0,test
3948,1,test
3949,0,test
3950,1,test
3951,0,test
3952,0,test
3953,1,test
3954,1,test
3955,0,test
3956,0,test
3957,0,test
3958,1,test
3959,1,test
3960,0,test
3961,0,test
3962,0,test
3963,0,test
3964,1,test
3965,0,test
3966,0,test
3967,0,test
3968,1,test
3969,0,test
3970,0,test
3971,0,test
3972,0,test
3973,0,test
3974,0,test
3975,0,test
3976,0,test
3977,0,test
3978,0,test
3979,0,test
3980,1,test
3981,1,test
3982,1,test
3983,1,test
3984,1,test
3985,0,test
3986,0,test
3987,0,test
3988,0,test
3989,0,test
3990,1,test
3991,1,test
3992,0,test
3993,1,test
3994,0,test
3995,1,test
3996,1,test
3997,0,test
3998,1,test
3999,0,test
4000,0,test
4001,1,test
4002,0,test
4003,1,test
4004,1,test
4005,1,test
4006,1,test
4007,0,test
4008,0,test
4009,0,test
4010,0,test
4011,0,test
4012,1,test
4013,0,test
4014,0,test
4015,0,test
4016,0,test
4017,0,test
4018,1,test
4019,1,test
4020,0,test
4021,0,test
4022,1,test
4023,1,test
4024,1,test
4025,1,test
4026,0,test
4027,1,test
4028,1,test
4029,1,test
4030,0,test
4031,1,test
4032,1,test
4033,1,test
4034,1,test
4035,0,test
4036,1,test
4037,1,test
4038,1,test
4039,1,test
4040,1,test
4041,0,test
4042,0,test
4043,0,test
4044,0,test
4045,1,test
4046,0,test
4047,1,test
4048,0,test
4049,0,test
4050,0,test
4051,1,test
4052,0,test
4053,0,test
4054,0,test
4055,1,test
4056,0,test
4057,1,test
4058,0,test
4059,1,test
4060,0,test
4061,0,test
4062,0,test
4063,1,test
4064,0,test
4065,0,test
4066,1,test
4067,0,test
4068,1,test
4069,1,test
4070,1,test
4071,1,test
4072,0,test
4073,0,test
4074,0,test
4075,1,test
4076,1,test
4077,1,test
4078,1,test
4079,0,test
4080,1,test
4081,1,test
4082,0,test
4083,1,test
4084,1,test
4085,1,test
4086,1,test
4087,1,test
4088,0,test
4089,1,test
4090,1,test
4091,0,test
4092,1,test
4093,0,test
4094,1,test
4095,1,test
4096,1,test
4097,1,test
4098,1,test
4099,1,test
4100,1,test
4101,1,test
4102,1,test
4103,0,test
4104,1,test
4105,0,test
4106,0,test
4107,1,test
4108,1,test
4109,0,test
4110,0,test
4111,0,test
4112,1,test
4113,0,test
4114,1,test
4115,0,test
4116,1,test
4117,1,test
4118,1,test
4119,0,test
4120,1,test
4121,1,test
4122,1,test
4123,1,test
4124,1,test
4125,0,test
4126,0,test
4127,1,test
4128,0,test
4129,0,test
4130,0,test
4131,0,test
4132,1,test
4133,0,test
4134,0,test
4135,0,test
4136,1,test
4137,0,test
4138,1,test
4139,1,test
4140,0,test
4141,0,test
4142,1,test
4143,0,test
4144,1,test
4145,0,test
4146,0,test
4147,0,test
4148,1,test
4149,1,test
4150,0,test
4151,0,test
4152,1,test
4153,0,test
4154,1,test
4155,1,test
4156,0,test
4157,1,test
4158,0,test
4159,0,test
4160,1,test
4161,1,test
4162,1,test
4163,0,test
4164,1,test
4165,0,test
4166,0,test
4167,0,test
4168,0,test
4169,1,test
4170,0,test
4171,1,test
4172,0,test
4173,0,test
4174,1,test
4175,1,test
4176,1,test
4177,0,test
4178,0,test
4179,1,test
4180,1,test
4181,1,test
4182,1,test
4183,1,test
4184,1,test
4185,0,test
4186,1,test
4187,0,test
4188,0,test
4189,1,test
4190,0,test
4191,1,test
4192,0,test
4193,0,test
4194,1,test
4195,0,test
4196,1,test
4197,1,test
4198,1,test
4199,1,test
4200,1,test
4201,1,test
4202,1,test
4203,0,test
4204,1,test
4205,1,test
4206,1,test
4207,1,test
4208,0,test
4209,1,test
4210,0,test
4211,1,test
4212,0,test
4213,0,test
4214,1,test
4215,0,test
4216,0,test
4217,1,test
4218,1,test
4219,1,test
4220,0,test
4221,0,test
4222,0,test
4223,0,test
4224,0,test
4225,0,test
4226,0,test
4227,0,test
4228,0,test
4229,0,test
4230,1,test
4231,0,test
4232,1,test
4233,1,test
4234,1,test
4235,1,test
4236,0,test
4237,0,test
4238,1,test
4239,0,test
4240,1,test
4241,0,test
4242,1,test
4243,1,test
4244,1,test
4245,0,test
4246,0,test
4247,1,test
4248,0,test
4249,0,test
4250,1,test
4251,1,test
4252,0,test
4253,1,test
4254,1,test
4255,1,test
4256,1,test
4257,1,test
4258,0,test
4259,1,test
4260,1,test
4261,1,test
4262,0,test
4263,0,test
4264,1,test
4265,0,test
4266,1,test
4267,0,test
4268,0,test
4269,1,test
4270,0,test
4271,1,test
4272,0,test
4273,1,test
4274,1,test
4275,1,test
4276,0,test
4277,1,test
4278,1,test
4279,0,test
4280,1,test
4281,1,test
4282,1,test
4283,0,test
4284,1,test
4285,1,test
4286,0,test
4287,0,test
4288,0,test
4289,0,test
4290,1,test
4291,0,test
4292,0,test
4293,1,test
4294,1,test
4295,0,test
4296,0,test
4297,1,test
4298,1,test
4299,1,test
4300,0,test
4301,0,test
4302,1,test
4303,1,test
4304,1,test
4305,0,test
4306,1,test
4307,0,test
4308,0,test
4309,1,test
4310,0,test
4311,0,test
4312,0,test
4313,0,test
4314,1,test
4315,0,test
4316,1,test
4317,0,test
4318,0,test
4319,1,test
4320,0,test
4321,0,test
4322,0,test
4323,1,test
4324,1,test
4325,1,test
4326,0,test
4327,1,test
4328,1,test
4329,0,test
4330,0,test
4331,0,test
4332,0,test
4333,0,test
4334,0,test
4335,1,test
4336,0,test
4337,0,test
4338,0,test
4339,1,test
4340,0,test
4341,1,test
4342,1,test
4343,0,test
4344,0,test
4345,0,test
4346,1,test
4347,0,test
4348,1,test
4349,0,test
4350,1,test
4351,0,test
4352,0,test
4353,0,test
4354,0,test
4355,0,test
4356,0,test
4357,0,test
4358,0,test
4359,1,test
4360,0,test
4361,0,test
4362,1,test
4363,1,test
4364,1,test
4365,1,test
4366,0,test
4367,1,test
4368,1,test
4369,0,test
4370,0,test
4371,1,test
4372,0,test
4373,0,test
4374,0,test
4375,0,test
4376,0,test
4377,0,test
4378,0,test
4379,1,test
4380,1,test
4381,1,test
4382,0,test
4383,1,test
4384,1,test
4385,0,test
4386,0,test
4387,0,test
4388,1,test
4389,0,test
4390,1,test
4391,0,test
4392,0,test
4393,0,test
4394,0,test
4395,0,test
4396,0,test
4397,1,test
4398,0,test
4399,0,test
4400,0,test
4401,1,test
4402,1,test
4403,0,test
4404,0,test
4405,1,test
4406,1,test
4407,0,test
4408,1,test
4409,0,test
4410,0,test
4411,0,test
4412,0,test
4413,0,test
4414,1,test
4415,1,test
4416,1,test
4417,1,test
4418,0,test
4419,0,test
4420,1,test
4421,1,test
4422,1,test
4423,1,test
4424,0,test
4425,1,test
4426,0,test
4427,1,test
4428,1,test
4429,0,test
4430,1,test
4431,1,test
4432,0,test
4433,0,test
4434,1,test
4435,0,test
4436,0,test
4437,1,test
4438,1,test
4439,1,test
4440,0,test
4441,0,test
4442,1,test
4443,0,test
4444,1,test
4445,1,test
4446,0,test
4447,1,test
4448,0,test
4449,0,test
4450,0,test
4451,1,test
4452,0,test
4453,0,test
4454,1,test
4455,0,test
4456,0,test
4457,0,test
4458,0,test
4459,0,test
4460,0,test
4461,1,test
4462,0,test
4463,0,test
4464,1,test
4465,1,test
4466,0,test
4467,1,test
4468,1,test
4469,1,test
4470,1,test
4471,1,test
4472,0,test
4473,1,test
4474,1,test
4475,1,test
4476,1,test
4477,1,test
4478,1,test
4479,1,test
4480,0,test
4481,1,test
4482,0,test
4483,0,test
4484,1,test
4485,1,test
4486,1,test
4487,1,test
4488,1,test
4489,0,test
4490,0,test
4491,1,test
4492,1,test
4493,1,test
4494,1,test
4495,0,test
4496,0,test
4497,0,test
4498,1,test
4499,1,test
4500,1,test
4501,1,test
4502,0,test
4503,0,test
4504,0,test
4505,0,test
4506,0,test
4507,0,test
4508,1,test
4509,1,test
4510,0,test
4511,1,test
4512,1,test
4513,0,test
4514,1,test
4515,0,test
4516,0,test
4517,1,test
4518,0,test
4519,0,test
4520,0,test
4521,0,test
4522,0,test
4523,1,test
4524,1,test
4525,0,test
4526,1,test
4527,1,test
4528,0,test
4529,1,test
4530,0,test
4531,0,test
4532,0,test
4533,1,test
4534,0,test
4535,0,test
4536,1,test
4537,0,test
4538,0,test
4539,1,test
4540,0,test
4541,0,test
4542,1,test
4543,0,test
4544,0,test
4545,1,test
4546,0,test
4547,0,test
4548,1,test
4549,0,test
4550,0,test
4551,0,test
4552,1,test
4553,1,test
4554,0,test
4555,1,test
4556,1,test
4557,0,test
4558,0,test
4559,0,test
4560,0,test
4561,1,test
4562,1,test
4563,0,test
4564,0,test
4565,0,test
4566,1,test
4567,1,test
4568,0,test
4569,1,test
4570,0,test
4571,0,test
4572,1,test
4573,0,test
4574,1,test
4575,1,test
4576,1,test
4577,0,test
4578,0,test
4579,1,test
4580,0,test
4581,0,test
4582,0,test
4583,1,test
4584,0,test
4585,0,test
4586,0,test
4587,0,test
4588,1,test
4589,0,test
4590,0,test
4591,0,test
4592,0,test
4593,0,test
4594,1,test
4595,1,test
4596,1,test
4597,0,test
4598,1,test
4599,1,test
4600,0,test
4601,1,test
4602,1,test
4603,1,test
4604,0,test
4605,0,test
4606,1,test
4607,1,test
4608,0,test
4609,0,test
4610,1,test
4611,1,test
4612,0,test
4613,0,test
4614,0,test
4615,0,test
4616,1,test
4617,1,test
4618,1,test
4619,1,test
4620,1,test
4621,1,test
4622,0,test
4623,1,test
4624,1,test
4625,1,test
4626,0,test
4627,1,test
4628,0,test
4629,0,test
4630,1,test
4631,0,test
4632,0,test
4633,0,test
4634,0,test
4635,0,test
4636,0,test
4637,1,test
4638,0,test
4639,0,test
4640,0,test
4641,1,test
4642,0,test
4643,0,test
4644,1,test
4645,0,test
4646,1,test
4647,1,test
4648,1,test
4649,0,test
4650,0,test
4651,1,test
4652,0,test
4653,1,test
4654,0,test
4655,0,test
4656,0,test
4657,1,test
4658,1,test
4659,1,test
4660,1,test
4661,0,test
4662,0,test
4663,1,test
4664,1,test
4665,0,test
4666,1,test
4667,0,test
4668,0,test
4669,1,test
4670,0,test
4671,0,test
4672,1,test
4673,1,test
4674,0,test
4675,1,test
4676,0,test
4677,0,test
4678,1,test
4679,0,test
4680,0,test
4681,1,test
4682,1,test
4683,1,test
4684,0,test
4685,0,test
4686,0,test
4687,1,test
4688,0,test
4689,1,test
4690,1,test
4691,0,test
4692,1,test
4693,0,test
4694,0,test
4695,1,test
4696,0,test
4697,0,test
4698,1,test
4699,0,test
4700,0,test
4701,0,test
4702,1,test
4703,1,test
4704,1,test
4705,0,test
4706,0,test
4707,0,test
4708,1,test
4709,0,test
4710,0,test
4711,1,test
4712,1,test
4713,1,test
4714,1,test
4715,0,test
4716,1,test
4717,1,test
4718,1,test
4719,1,test
4720,0,test
4721,1,test
4722,1,test
4723,1,test
4724,0,test
4725,0,test
4726,1,test
4727,1,test
4728,1,test
4729,1,test
4730,1,test
4731,1,test
4732,0,test
4733,0,test
4734,1,test
4735,1,test
4736,0,test
4737,1,test
4738,1,test
4739,0,test
4740,0,test
4741,0,test
4742,1,test
4743,1,test
4744,0,test
4745,0,test
4746,1,test
4747,0,test
4748,0,test
4749,0,test
4750,1,test
4751,1,test
4752,1,test
4753,1,test
4754,1,test
4755,1,test
4756,1,test
4757,0,test
4758,0,test
4759,0,test
4760,1,test
4761,1,test
4762,1,test
4763,1,test
4764,0,test
4765,0,test
4766,0,test
4767,0,test
4768,0,test
4769,1,test
4770,1,test
4771,1,test
4772,0,test
4773,1,test
4774,0,test
4775,1,test
4776,0,test
4777,1,test
4778,0,test
4779,1,test
4780,1,test
4781,0,test
4782,0,test
4783,0,test
4784,1,test
4785,1,test
4786,1,test
4787,0,test
4788,1,test
4789,1,test
4790,0,test
4791,0,test
4792,1,test
4793,0,test
4794,0,test
4795,0,test
4796,1,test
4797,1,test
4798,0,test
4799,0,test
4800,1,test
4801,0,test
4802,1,test
4803,1,test
4804,0,test
4805,0,test
4806,1,test
4807,1,test
4808,1,test
4809,1,test
4810,1,test
4811,0,test
4812,0,test
4813,0,test
4814,1,test
4815,0,test
4816,1,test
4817,0,test
4818,1,test
4819,0,test
4820,1,test
4821,0,test
4822,1,test
4823,1,test
4824,1,test
4825,0,test
4826,0,test
4827,0,test
4828,1,test
4829,0,test
4830,0,test
4831,0,test
4832,0,test
4833,1,test
4834,0,test
4835,0,test
4836,1,test
4837,1,test
4838,0,test
4839,0,test
4840,1,test
4841,1,test
4842,1,test
4843,0,test
4844,1,test
4845,0,test
4846,0,test
4847,0,test
4848,1,test
4849,1,test
4850,1,test
4851,1,test
4852,1,test
4853,1,test
4854,0,test
4855,0,test
4856,1,test
4857,0,test
4858,1,test
4859,0,test
4860,1,test
4861,1,test
4862,0,test
4863,0,test
4864,1,test
4865,1,test
4866,1,test
4867,0,test
4868,1,test
4869,1,test
4870,1,test
4871,1,test
4872,1,test
4873,1,test
4874,0,test
4875,1,test
4876,1,test
4877,1,test
4878,0,test
4879,1,test
4880,0,test
4881,1,test
4882,1,test
4883,0,test
4884,1,test
4885,0,test
4886,1,test
4887,0,test
4888,0,test
4889,1,test
4890,0,test
4891,1,test
4892,0,test
4893,0,test
4894,0,test
4895,1,test
4896,0,test
4897,0,test
4898,0,test
4899,1,test
4900,1,test
4901,0,test
4902,1,test
4903,1,test
4904,0,test
4905,1,test
4906,1,test
4907,0,test
4908,1,test
4909,1,test
4910,1,test
4911,0,test
4912,1,test
4913,0,test
4914,1,test
4915,0,test
4916,0,test
4917,0,test
4918,0,test
4919,1,test
4920,1,test
4921,0,test
4922,1,test
4923,1,test
4924,1,test
4925,0,test
4926,1,test
4927,1,test
4928,0,test
4929,0,test
4930,0,test
4931,0,test
4932,0,test
4933,1,test
4934,0,test
4935,1,test
4936,1,test
4937,1,test
4938,1,test
4939,1,test
4940,0,test
4941,0,test
4942,1,test
4943,0,test
4944,0,test
4945,0,test
4946,0,test
4947,0,test
4948,0,test
4949,1,test
4950,1,test
4951,1,test
4952,1,test
4953,1,test
4954,0,test
4955,0,test
4956,1,test
4957,1,test
4958,1,test
4959,1,test
4960,0,test
4961,0,test
4962,0,test
4963,1,test
4964,1,test
4965,1,test
4966,1,test
4967,1,test
4968,0,test
4969,1,test
4970,1,test
4971,1,test
4972,1,test
4973,0,test
4974,0,test
4975,0,test
4976,1,test
4977,0,test
4978,1,test
4979,1,test
4980,0,test
4981,1,test
4982,1,test
4983,0,test
4984,0,test
4985,1,test
4986,1,test
4987,0,test
4988,1,test
4989,0,test
4990,0,test
4991,1,test
4992,1,test
4993,1,test
4994,1,test
4995,1,test
4996,1,test
4997,0,test
4998,0,test
4999,0,test
5000,1,test
5001,0,test
5002,1,test
5003,1,test
5004,1,test
5005,0,test
5006,1,test
5007,0,test
5008,1,test
5009,0,test
5010,0,test
5011,0,test
5012,0,test
5013,1,test
5014,0,test
5015,1,test
5016,1,test
5017,1,test
5018,0,test
5019,1,test
5020,1,test
5021,1,test
5022,1,test
5023,1,test
5024,1,test
5025,0,test
5026,0,test
5027,1,test
5028,1,test
5029,1,test
5030,1,test
5031,1,test
5032,1,test
5033,0,test
5034,1,test
5035,1,test
5036,1,test
5037,1,test
5038,1,test
5039,0,test
5040,1,test
5041,0,test
5042,0,test
5043,1,test
5044,1,test
5045,0,test
5046,1,test
5047,0,test
5048,1,test
5049,0,test
5050,0,test
5051,1,test
5052,0,test
5053,1,test
5054,1,test
5055,1,test
5056,1,test
5057,0,test
5058,1,test
5059,0,test
5060,0,test
5061,0,test
5062,0,test
5063,0,test
5064,1,test
5065,1,test
5066,1,test
5067,1,test
5068,0,test
5069,1,test
5070,0,test
5071,1,test
5072,0,test
5073,0,test
5074,1,test
5075,1,test
5076,1,test
5077,0,test
5078,0,test
5079,0,test
5080,0,test
5081,0,test
5082,1,test
5083,1,test
5084,0,test
5085,0,test
5086,0,test
5087,0,test
5088,1,test
5089,0,test
5090,0,test
5091,1,test
5092,1,test
5093,1,test
5094,1,test
5095,1,test
5096,1,test
5097,1,test
5098,0,test
5099,0,test
5100,1,test
5101,1,test
5102,0,test
5103,1,test
5104,0,test
5105,0,test
5106,0,test
5107,0,test
5108,0,test
5109,1,test
5110,1,test
5111,0,test
5112,1,test
5113,0,test
5114,1,test
5115,1,test
5116,0,test
5117,1,test
5118,1,test
5119,0,test
5120,0,test
5121,0,test
5122,0,test
5123,1,test
5124,1,test
5125,1,test
5126,0,test
5127,0,test
5128,0,test
5129,0,test
5130,1,test
5131,1,test
5132,1,test
5133,1,test
5134,1,test
5135,0,test
5136,1,test
5137,0,test
5138,0,test
5139,1,test
5140,0,test
5141,1,test
5142,1,test
5143,0,test
5144,0,test
5145,0,test
5146,1,test
5147,0,test
5148,0,test
5149,1,test
5150,1,test
5151,0,test
5152,0,test
5153,0,test
5154,0,test
5155,0,test
5156,0,test
5157,1,test
5158,1,test
5159,1,test
5160,1,test
5161,0,test
5162,0,test
5163,0,test
5164,1,test
5165,0,test
5166,0,test
5167,1,test
5168,1,test
5169,0,test
5170,1,test
5171,1,test
5172,1,test
5173,0,test
5174,1,test
5175,0,test
5176,1,test
5177,0,test
5178,1,test
5179,1,test
5180,0,test
5181,0,test
5182,0,test
5183,1,test
5184,1,test
5185,0,test
5186,0,test
5187,1,test
5188,1,test
5189,0,test
5190,0,test
5191,1,test
5192,0,test
5193,1,test
5194,1,test
5195,1,test
5196,1,test
5197,0,test
5198,0,test
5199,0,test
5200,0,test
5201,0,test
5202,1,test
5203,0,test
5204,1,test
5205,0,test
5206,1,test
5207,1,test
5208,1,test
5209,1,test
5210,1,test
5211,0,test
5212,0,test
5213,1,test
5214,1,test
5215,0,test
5216,0,test
5217,1,test
5218,1,test
5219,1,test
5220,0,test
5221,1,test
5222,1,test
5223,0,test
5224,1,test
5225,0,test
5226,1,test
5227,1,test
5228,0,test
5229,0,test
5230,1,test
5231,1,test
5232,0,test
5233,1,test
5234,0,test
5235,0,test
5236,0,test
5237,0,test
5238,0,test
5239,0,test
5240,0,test
5241,1,test
5242,0,test
5243,1,test
5244,1,test
5245,1,test
5246,0,test
5247,0,test
5248,1,test
5249,0,test
5250,1,test
5251,1,test
5252,0,test
5253,0,test
5254,1,test
5255,0,test
5256,1,test
5257,1,test
5258,1,test
5259,1,test
5260,0,test
5261,1,test
5262,0,test
5263,0,test
5264,1,test
5265,0,test
5266,1,test
5267,1,test
5268,1,test
5269,0,test
5270,1,test
5271,0,test
5272,1,test
5273,1,test
5274,1,test
5275,0,test
5276,1,test
5277,0,test
5278,1,test
5279,1,test
5280,1,test
5281,0,test
5282,0,test
5283,0,test
5284,0,test
5285,0,test
5286,1,test
5287,1,test
5288,0,test
5289,0,test
5290,1,test
5291,1,test
5292,0,test
5293,0,test
5294,1,test
5295,0,test
5296,0,test
5297,0,test
5298,0,test
5299,0,test
5300,0,test
5301,0,test
5302,0,test
5303,1,test
5304,0,test
5305,0,test
5306,1,test
5307,1,test
5308,1,test
5309,1,test
5310,1,test
5311,1,test
5312,1,test
5313,0,test
5314,0,test
5315,0,test
5316,1,test
5317,1,test
5318,1,test
5319,0,test
5320,1,test
5321,1,test
5322,0,test
5323,0,test
5324,1,test
5325,0,test
5326,0,test
5327,0,test
5328,0,test
5329,0,test
5330,1,test
5331,0,test
5332,0,test
5333,0,test
5334,0,test
5335,1,test
5336,1,test
5337,1,test
5338,0,test
5339,0,test
5340,1,test
5341,1,test
5342,0,test
5343,1,test
5344,1,test
5345,1,test
5346,0,test
5347,1,test
5348,0,test
5349,1,test
5350,0,test
5351,0,test
5352,0,test
5353,0,test
5354,0,test
5355,1,test
5356,1,test
5357,1,test
5358,0,test
5359,0,test
5360,0,test
5361,0,test
5362,1,test
5363,0,test
5364,0,test
5365,1,test
5366,1,test
5367,1,test
5368,1,test
5369,0,test
5370,0,test
5371,0,test
5372,1,test
5373,1,test
5374,1,test
5375,1,test
5376,1,test
5377,1,test
5378,0,test
5379,0,test
5380,1,test
5381,1,test
5382,1,test
5383,1,test
5384,0,test
5385,0,test
5386,0,test
5387,1,test
5388,1,test
5389,1,test
5390,0,test
5391,1,test
5392,0,test
5393,1,test
5394,0,test
5395,1,test
5396,1,test
5397,0,test
5398,0,test
5399,1,test
5400,1,test
5401,1,test
5402,1,test
5403,1,test
5404,1,test
5405,0,test
5406,0,test
5407,1,test
5408,0,test
5409,0,test
5410,1,test
5411,1,test
5412,1,test
5413,1,test
5414,0,test
5415,1,test
5416,0,test
5417,1,test
5418,0,test
5419,0,test
5420,1,test
5421,1,test
5422,0,test
5423,0,test
5424,0,test
5425,1,test
5426,0,test
5427,1,test
5428,1,test
5429,0,test
5430,0,test
5431,0,test
5432,1,test
5433,1,test
5434,0,test
5435,1,test
5436,1,test
5437,1,test
5438,1,test
5439,0,test
5440,1,test
5441,1,test
5442,0,test
5443,0,test
5444,1,test
5445,0,test
5446,0,test
5447,0,test
5448,0,test
5449,0,test
5450,1,test
5451,1,test
5452,0,test
5453,1,test
5454,0,test
5455,1,test
5456,0,test
5457,1,test
5458,0,test
5459,1,test
5460,0,test
5461,1,test
5462,0,test
5463,0,test
5464,1,test
5465,1,test
5466,0,test
5467,0,test
5468,1,test
5469,1,test
5470,0,test
5471,0,test
5472,0,test
5473,0,test
5474,0,test
5475,1,test
5476,1,test
5477,1,test
5478,0,test
5479,0,test
5480,1,test
5481,1,test
5482,1,test
5483,1,test
5484,0,test
5485,0,test
5486,1,test
5487,1,test
5488,1,test
5489,1,test
5490,0,test
5491,1,test
5492,1,test
5493,0,test
5494,0,test
5495,0,test
5496,0,test
5497,1,test
5498,0,test
5499,0,test
5500,0,test
5501,0,test
5502,1,test
5503,1,test
5504,1,test
5505,1,test
5506,0,test
5507,0,test
5508,1,test
5509,0,test
5510,0,test
5511,1,test
5512,1,test
5513,0,test
5514,0,test
5515,0,test
5516,0,test
5517,1,test
5518,0,test
5519,1,test
5520,1,test
5521,0,test
5522,1,test
5523,0,test
5524,1,test
5525,0,test
5526,0,test
5527,1,test
5528,0,test
5529,0,test
5530,1,test
5531,1,test
5532,1,test
5533,0,test
5534,1,test
5535,1,test
5536,1,test
5537,1,test
5538,0,test
5539,1,test
5540,0,test
5541,0,test
5542,0,test
5543,1,test
5544,0,test
5545,0,test
5546,0,test
5547,1,test
5548,0,test
5549,0,test
5550,0,test
5551,1,test
5552,1,test
5553,0,test
5554,1,test
5555,0,test
5556,1,test
5557,1,test
5558,1,test
5559,0,test
5560,1,test
5561,1,test
5562,0,test
5563,0,test
5564,1,test
5565,1,test
5566,1,test
5567,1,test
5568,1,test
5569,0,test
5570,1,test
5571,1,test
5572,1,test
5573,1,test
5574,1,test
5575,1,test
5576,1,test
5577,1,test
5578,0,test
5579,1,test
5580,0,test
5581,1,test
5582,1,test
5583,0,test
5584,0,test
5585,0,test
5586,1,test
5587,0,test
5588,1,test
5589,1,test
5590,1,test
5591,0,test
5592,0,test
5593,0,test
5594,0,test
5595,0,test
5596,0,test
5597,0,test
5598,0,test
5599,0,test
5600,1,test
5601,1,test
5602,1,test
5603,1,test
5604,0,test
5605,1,test
5606,1,test
5607,1,test
5608,0,test
5609,1,test
5610,1,test
5611,0,test
5612,1,test
5613,0,test
5614,1,test
5615,0,test
5616,1,test
5617,1,test
5618,0,test
5619,1,test
5620,1,test
5621,1,test
5622,1,test
5623,0,test
5624,1,test
5625,1,test
5626,0,test
5627,0,test
5628,1,test
5629,1,test
5630,1,test
5631,0,test
5632,0,test
5633,1,test
5634,1,test
5635,1,test
5636,0,test
5637,0,test
5638,1,test
5639,0,test
5640,0,test
5641,1,test
5642,0,test
5643,1,test
5644,1,test
5645,1,test
5646,1,test
5647,0,test
5648,0,test
5649,1,test
5650,1,test
5651,0,test
5652,1,test
5653,0,test
5654,0,test
5655,0,test
5656,0,test
5657,1,test
5658,1,test
5659,0,test
5660,1,test
5661,1,test
5662,0,test
5663,0,test
5664,1,test
5665,1,test
5666,1,test
5667,0,test
5668,1,test
5669,0,test
5670,0,test
5671,0,test
5672,1,test
5673,0,test
5674,0,test
5675,0,test
5676,1,test
5677,1,test
5678,1,test
5679,0,test
5680,0,test
5681,1,test
5682,1,test
5683,0,test
5684,1,test
5685,0,test
5686,0,test
5687,1,test
5688,1,test
5689,1,test
5690,0,test
5691,1,test
5692,0,test
5693,1,test
5694,0,test
5695,1,test
5696,0,test
5697,1,test
5698,1,test
5699,0,test
5700,1,test
5701,0,test
5702,0,test
5703,1,test
5704,1,test
5705,1,test
5706,1,test
5707,1,test
5708,0,test
5709,1,test
5710,0,test
5711,0,test
5712,0,test
5713,0,test
5714,1,test
5715,1,test
5716,1,test
5717,0,test
5718,0,test
5719,0,test
5720,0,test
5721,0,test
5722,1,test
5723,0,test
5724,0,test
5725,0,test
5726,1,test
5727,1,test
5728,1,test
5729,1,test
5730,0,test
5731,0,test
5732,0,test
5733,1,test
5734,0,test
5735,1,test
5736,0,test
5737,0,test
5738,1,test
5739,1,test
5740,0,test
5741,0,test
5742,0,test
5743,1,test
5744,0,test
5745,0,test
5746,1,test
5747,0,test
5748,1,test
5749,1,test
5750,0,test
5751,0,test
5752,0,test
5753,0,test
5754,0,test
5755,1,test
5756,0,test
5757,1,test
5758,1,test
5759,0,test
5760,0,test
5761,0,test
5762,1,test
5763,1,test
5764,1,test
5765,1,test
5766,0,test
5767,0,test
5768,0,test
5769,1,test
5770,0,test
5771,0,test
5772,1,test
5773,0,test
5774,0,test
5775,1,test
5776,1,test
5777,1,test
5778,0,test
5779,0,test
5780,1,test
5781,0,test
5782,1,test
5783,1,test
5784,1,test
5785,1,test
5786,1,test
5787,1,test
5788,0,test
5789,0,test
5790,1,test
5791,0,test
5792,1,test
5793,0,test
5794,1,test
5795,1,test
5796,0,test
5797,0,test
5798,0,test
5799,1,test
5800,0,test
5801,0,test
5802,0,test
5803,1,test
5804,0,test
5805,1,test
5806,1,test
5807,0,test
5808,1,test
5809,0,test
5810,0,test
5811,0,test
5812,0,test
5813,1,test
5814,1,test
5815,1,test
5816,1,test
5817,0,test
5818,0,test
5819,1,test
5820,1,test
5821,0,test
5822,0,test
5823,1,test
5824,1,test
5825,0,test
5826,1,test
5827,0,test
5828,1,test
5829,1,test
5830,1,test
5831,1,test
5832,1,test
5833,0,test
5834,0,test
5835,0,test
5836,0,test
5837,1,test
5838,0,test
5839,0,test
5840,0,test
5841,0,test
5842,0,test
5843,0,test
5844,0,test
5845,0,test
5846,1,test
5847,0,test
5848,1,test
5849,0,test
5850,1,test
5851,0,test
5852,1,test
5853,0,test
5854,0,test
5855,0,test
5856,1,test
5857,1,test
5858,0,test
5859,1,test
5860,0,test
5861,1,test
5862,0,test
5863,0,test
5864,0,test
5865,1,test
5866,1,test
5867,1,test
5868,1,test
5869,0,test
5870,0,test
5871,1,test
5872,0,test
5873,1,test
5874,0,test
5875,1,test
5876,1,test
5877,1,test
5878,0,test
5879,0,test
5880,1,test
5881,1,test
5882,1,test
5883,0,test
5884,1,test
5885,1,test
5886,1,test
5887,0,test
5888,0,test
5889,0,test
5890,1,test
5891,0,test
5892,1,test
5893,1,test
5894,0,test
5895,1,test
5896,1,test
5897,0,test
5898,0,test
5899,0,test
5900,1,test
5901,0,test
5902,0,test
5903,1,test
5904,1,test
5905,1,test
5906,1,test
5907,0,test
5908,1,test
5909,0,test
5910,0,test
5911,1,test
5912,0,test
5913,1,test
5914,0,test
5915,0,test
5916,1,test
5917,1,test
5918,0,test
5919,1,test
5920,1,test
5921,1,test
5922,0,test
5923,1,test
5924,0,test
5925,0,test
5926,0,test
5927,0,test
5928,0,test
5929,1,test
5930,0,test
5931,0,test
